0,-0.307391173,-0.018364602,0.200215534
4.62949E-06,-0.30874453,-0.019092689,0.212732621
9.25897E-06,-0.309918882,-0.019820504,0.224937661
1.38885E-05,-0.310919013,-0.02054781,0.236823989
1.85179E-05,-0.311749938,-0.021274381,0.248384956
2.31474E-05,-0.312416902,-0.022000008,0.259613925
2.77769E-05,-0.312925375,-0.022724491,0.270504277
3.24064E-05,-0.31328105,-0.023447648,0.281049412
3.70359E-05,-0.313489838,-0.02416931,0.291242751
4.16654E-05,-0.313557862,-0.024889324,0.301077737
4.62949E-05,-0.313491452,-0.025607554,0.31054784
5.09244E-05,-0.313297145,-0.026323879,0.319646557
5.55538E-05,-0.312981671,-0.027038194,0.328367415
6.01833E-05,-0.312551956,-0.027750412,0.336703978
6.48128E-05,-0.31201511,-0.028460462,0.344649844
6.94423E-05,-0.311378423,-0.029168292,0.352198654
7.40718E-05,-0.310649359,-0.029873864,0.359344092
7.87013E-05,-0.309835547,-0.030577159,0.366079893
8.33308E-05,-0.308944777,-0.031278175,0.37239984
8.79603E-05,-0.307984991,-0.031976926,0.378297776
9.25897E-05,-0.306964273,-0.03267344,0.383767604
9.72192E-05,-0.305890848,-0.033367764,0.388803294
0.000101849,-0.304773066,-0.034059959,0.393398886
0.000106478,-0.303619398,-0.0347501,0.397548496
0.000111108,-0.302438429,-0.035438275,0.401246323
0.000115737,-0.301238846,-0.036124587,0.404486652
0.000120367,-0.300029429,-0.036809148,0.40726386
0.000124996,-0.298819048,-0.037492085,0.409572425
0.000129626,-0.297616644,-0.03817353,0.411406929
0.000134255,-0.296431228,-0.038853627,0.412762065
0.000138885,-0.295271868,-0.039532527,0.413632645
0.000143514,-0.29414768,-0.040210386,0.414013605
0.000148144,-0.293067818,-0.040887365,0.413900013
0.000152773,-0.292041464,-0.041563629,0.413287075
0.000157403,-0.291077818,-0.042239343,0.412170143
0.000162032,-0.290186089,-0.042914674,0.410544723
0.000166662,-0.289375486,-0.043589786,0.40840648
0.000171291,-0.288655202,-0.044264841,0.405751249
0.000175921,-0.288034412,-0.044939996,0.402575038
0.00018055,-0.287522257,-0.045615401,0.398874041
0.000185179,-0.287127835,-0.046291199,0.394644642
0.000189809,-0.286860192,-0.046967522,0.389883424
0.000194438,-0.286728312,-0.047644493,0.384587178
0.000199068,-0.286741105,-0.048322219,0.378752908
0.000203697,-0.286907397,-0.049000795,0.372377842
0.000208327,-0.287235924,-0.049680299,0.365459439
0.000212956,-0.287735314,-0.050360791,0.357995397
0.000217586,-0.288414086,-0.051042313,0.34998366
0.000222215,-0.289280633,-0.051724886,0.341422425
0.000226845,-0.290343219,-0.052408509,0.332310155
0.000231474,-0.29160996,-0.053093159,0.322645578
0.000236104,-0.293088826,-0.05377879,0.312427704
0.000240733,-0.294787621,-0.054465329,0.301655826
0.000245363,-0.296713982,-0.055152679,0.29032953
0.000249992,-0.298875365,-0.055840714,0.2784487
0.000254622,-0.301279037,-0.056529284,0.266013528
0.000259251,-0.30393207,-0.05721821,0.25302452
0.000263881,-0.30684133,-0.057907282,0.239482501
0.00026851,-0.310013467,-0.058596266,0.225388623
0.00027314,-0.313454914,-0.059284896,0.210744371
0.000277769,-0.317171869,-0.05997288,0.195551568
0.000282399,-0.321170298,-0.060659894,0.179812383
0.000287028,-0.325455919,-0.06134559,0.163529334
0.000291658,-0.330034199,-0.062029588,0.146705293
0.000296287,-0.33491035,-0.062711483,0.129343494
0.000300917,-0.340089314,-0.063390843,0.111447532
0.000305546,-0.345575766,-0.06406721,0.093021373
0.000310176,-0.351374103,-0.064740101,0.074069356
0.000314805,-0.357488437,-0.06540901,0.054596192
0.000319435,-0.363922596,-0.066073406,0.034606973
0.000324064,-0.37068011,-0.066732739,0.014107171
0.000328694,-0.377764215,-0.067386438,-0.006897356
0.000333323,-0.385177843,-0.068033914,-0.028400369
0.000337953,-0.392923618,-0.068674561,-0.05039524
0.000342582,-0.401003856,-0.069307756,-0.072874953
0.000347212,-0.409420557,-0.069932867,-0.095832106
0.000351841,-0.418175405,-0.070549246,-0.119258909
0.000356471,-0.427269764,-0.071156238,-0.143147183
0.0003611,-0.436704676,-0.07175318,-0.167488366
0.00036573,-0.446480856,-0.072339403,-0.192273507
0.000370359,-0.456598695,-0.072914235,-0.217493275
0.000374988,-0.467058255,-0.073477004,-0.243137958
0.000379618,-0.47785927,-0.074027035,-0.269197466
0.000384247,-0.489001142,-0.07456366,-0.295661335
0.000388877,-0.500482945,-0.075086213,-0.322518732
0.000393506,-0.512303422,-0.075594037,-0.349758458
0.000398136,-0.524460984,-0.076086485,-0.377368953
0.000402765,-0.536953714,-0.076562919,-0.405338302
0.000407395,-0.549779367,-0.077022715,-0.433654242
0.000412024,-0.56293537,-0.077465265,-0.462304167
0.000416654,-0.576418824,-0.077889979,-0.491275136
0.000421283,-0.590226505,-0.078296284,-0.520553878
0.000425913,-0.60435487,-0.078683631,-0.550126807
0.000430542,-0.618800056,-0.07905149,-0.57998002
0.000435172,-0.633557884,-0.079399359,-0.610099317
0.000439801,-0.648623862,-0.079726759,-0.640470201
0.000444431,-0.663993189,-0.080033239,-0.671077896
0.00044906,-0.679660761,-0.080318379,-0.701907352
0.00045369,-0.695621171,-0.080581787,-0.732943257
0.000458319,-0.711868716,-0.0808231,-0.76417005
0.000462949,-0.728397402,-0.081041992,-0.795571931
0.000467578,-0.74520095,-0.081238167,-0.827132874
0.000472208,-0.762272798,-0.081411362,-0.85883664
0.000476837,-0.77960611,-0.081561352,-0.890666789
0.000481467,-0.797193783,-0.081687944,-0.922606693
0.000486096,-0.815028448,-0.081790981,-0.954639551
0.000490726,-0.833102482,-0.081870343,-0.986748401
0.000495355,-0.851408013,-0.081925947,-1.018916138
0.000499985,-0.869936926,-0.081957743,-1.051125522
0.000504614,-0.888680873,-0.08196572,-1.083359202
0.000509244,-0.907631276,-0.081949902,-1.115599721
0.000513873,-0.92677934,-0.081910347,-1.147829541
0.000518503,-0.946116059,-0.081847152,-1.18003105
0.000523132,-0.965632221,-0.081760446,-1.212186585
0.000527762,-0.985318424,-0.081650393,-1.244278442
0.000532391,-1.005165076,-0.08151719,-1.276288898
0.000537021,-1.025162411,-0.081361067,-1.308200222
0.00054165,-1.045300493,-0.081182286,-1.339994693
0.00054628,-1.065569229,-0.08098114,-1.37165462
0.000550909,-1.085958375,-0.080757951,-1.403162351
0.000555538,-1.106457548,-0.080513069,-1.434500298
0.000560168,-1.127056236,-0.080246872,-1.465650949
0.000564797,-1.147743803,-0.079959765,-1.496596884
0.000569427,-1.168509507,-0.079652173,-1.527320795
0.000574056,-1.189342503,-0.07932455,-1.557805498
0.000578686,-1.210231856,-0.078977366,-1.588033956
0.000583315,-1.231166552,-0.078611114,-1.617989288
0.000587945,-1.252135507,-0.078226304,-1.647654791
0.000592574,-1.273127577,-0.077823464,-1.677013954
0.000597204,-1.294131569,-0.077403133,-1.706050474
0.000601833,-1.315136256,-0.076965868,-1.734748274
0.000606463,-1.336130378,-0.076512234,-1.763091517
0.000611092,-1.357102661,-0.076042806,-1.79106462
0.000615722,-1.378041826,-0.075558168,-1.818652274
0.000620351,-1.398936597,-0.075058908,-1.845839455
0.000624981,-1.419775713,-0.07454562,-1.872611442
0.00062961,-1.440547941,-0.074018899,-1.898953829
0.00063424,-1.461242082,-0.073479342,-1.924852542
0.000638869,-1.481846989,-0.072927544,-1.950293852
0.000643499,-1.502351569,-0.072364097,-1.975264387
0.000648128,-1.5227448,-0.07178959,-1.99975115
0.000652758,-1.54301574,-0.071204605,-2.023741528
0.000657387,-1.563153537,-0.070609715,-2.047223307
0.000662017,-1.583147438,-0.070005488,-2.070184684
0.000666646,-1.602986803,-0.069392476,-2.092614278
0.000671276,-1.622661113,-0.068771224,-2.114501143
0.000675905,-1.642159982,-0.06814226,-2.135834779
0.000680535,-1.661473164,-0.0675061,-2.156605144
0.000685164,-1.680590566,-0.066863243,-2.176802661
0.000689794,-1.699502256,-0.066214171,-2.196418233
0.000694423,-1.718198476,-0.065559348,-2.215443246
0.000699053,-1.736669647,-0.064899219,-2.233869585
0.000703682,-1.754906382,-0.064234211,-2.251689637
0.000708312,-1.772899494,-0.063564729,-2.268896304
0.000712941,-1.790640006,-0.062891155,-2.285483007
0.000717571,-1.808119157,-0.062213853,-2.301443692
0.0007222,-1.825328416,-0.061533161,-2.316772842
0.00072683,-1.842259486,-0.060849397,-2.331465477
0.000731459,-1.858904316,-0.060162854,-2.345517166
0.000736088,-1.875255103,-0.059473801,-2.358924023
0.000740718,-1.89130431,-0.058782485,-2.371682721
0.000745347,-1.907044663,-0.058089129,-2.38379049
0.000749977,-1.922469165,-0.057393932,-2.395245122
0.000754606,-1.937571102,-0.056697068,-2.406044972
0.000759236,-1.952344047,-0.05599869,-2.416188966
0.000763865,-1.96678187,-0.055298926,-2.425676593
0.000768495,-1.980878745,-0.054597882,-2.434507916
0.000773124,-1.994629149,-0.05389564,-2.442683565
0.000777754,-2.008027878,-0.053192261,-2.45020474
0.000782383,-2.021070042,-0.052487785,-2.457073211
0.000787013,-2.033751077,-0.051782231,-2.463291315
0.000791642,-2.046066749,-0.051075595,-2.468861953
0.000796272,-2.058013153,-0.050367858,-2.473788591
0.000800901,-2.069586724,-0.049658978,-2.478075253
0.000805531,-2.080784235,-0.048948897,-2.481726521
0.00081016,-2.091602802,-0.048237541,-2.484747525
0.00081479,-2.102039888,-0.047524817,-2.487143945
0.000819419,-2.112093303,-0.046810619,-2.488921998
0.000824049,-2.121761209,-0.046094825,-2.490088439
0.000828678,-2.131042118,-0.045377303,-2.490650548
0.000833308,-2.139934896,-0.044657904,-2.490616126
0.000837937,-2.148438759,-0.043936473,-2.489993485
0.000842567,-2.156553281,-0.04321284,-2.48879144
0.000847196,-2.164278386,-0.04248683,-2.487019302
0.000851826,-2.171614352,-0.041758259,-2.484686863
0.000856455,-2.178561808,-0.041026935,-2.481804391
0.000861085,-2.185121734,-0.040292661,-2.478382612
0.000865714,-2.191295455,-0.039555237,-2.474432708
0.000870344,-2.197084643,-0.038814459,-2.469966296
0.000874973,-2.202491311,-0.038070118,-2.464995419
0.000879603,-2.207517814,-0.037322009,-2.459532532
0.000884232,-2.212166837,-0.036569921,-2.45359049
0.000888862,-2.216441398,-0.035813649,-2.447182531
0.000893491,-2.220344841,-0.035052987,-2.44032226
0.000898121,-2.223880828,-0.034287734,-2.433023638
0.00090275,-2.227053338,-0.03351769,-2.425300964
0.00090738,-2.229866655,-0.032742662,-2.417168855
0.000912009,-2.232325368,-0.031962463,-2.408642237
0.000916638,-2.234434359,-0.031176913,-2.399736321
0.000921268,-2.236198796,-0.030385838,-2.390466586
0.000925897,-2.237624126,-0.029589072,-2.380848765
0.000930527,-2.23871607,-0.028786461,-2.370898824
0.000935156,-2.239480606,-0.027977858,-2.360632944
0.000939786,-2.239923968,-0.027163127,-2.350067498
0.000944415,-2.240052632,-0.026342145,-2.33921904
0.000949045,-2.239873308,-0.025514798,-2.328104278
0.000953674,-2.23939293,-0.024680987,-2.316740057
0.000958304,-2.238618642,-0.023840624,-2.305143338
0.000962933,-2.237557793,-0.022993634,-2.293331181
0.000967563,-2.236217919,-0.022139957,-2.28132072
0.000972192,-2.23460674,-0.021279545,-2.269129145
0.000976822,-2.232732139,-0.020412368,-2.256773683
0.000981451,-2.230602159,-0.019538406,-2.244271574
0.000986081,-2.228224983,-0.018657657,-2.231640052
0.00099071,-2.225608928,-0.017770133,-2.218896324
0.00099534,-2.222762428,-0.01687586,-2.206057551
0.000999969,-2.219694025,-0.015974881,-2.193140824
0.001004599,-2.216412354,-0.015067253,-2.180163149
0.001009228,-2.212926131,-0.014153048,-2.167141421
0.001013858,-2.209244139,-0.013232355,-2.154092406
0.001018487,-2.205375218,-0.012305275,-2.141032723
0.001023117,-2.201328248,-0.011371927,-2.127978822
0.001027746,-2.197112139,-0.010432442,-2.114946966
0.001032376,-2.192735818,-0.009486967,-2.101953209
0.001037005,-2.188208214,-0.008535664,-2.089013383
0.001041635,-2.183538247,-0.007578708,-2.076143073
0.001046264,-2.178734815,-0.006616287,-2.063357603
0.001050894,-2.173806781,-0.005648603,-2.050672017
0.001055523,-2.168762959,-0.004675871,-2.038101063
0.001060153,-2.163612106,-0.00369832,-2.025659174
0.001064782,-2.158362906,-0.002716188,-2.013360455
0.001069412,-2.153023959,-0.001729726,-2.001218664
0.001074041,-2.14760377,-0.000739198,-1.989247199
0.001078671,-2.142110736,0.000255125,-1.977459082
0.0010833,-2.136553138,0.001252958,-1.965866947
0.00108793,-2.130939126,0.00225401,-1.954483026
0.001092559,-2.125276711,0.003257978,-1.943319132
0.001097189,-2.119573755,0.004264554,-1.932386656
0.001101818,-2.11383796,0.00527342,-1.921696545
0.001106447,-2.108076856,0.006284251,-1.911259301
0.001111077,-2.102297799,0.007296716,-1.901084964
0.001115706,-2.096507953,0.008310478,-1.891183105
0.001120336,-2.090714289,0.009325197,-1.881562818
0.001124965,-2.084923573,0.010340524,-1.872232713
0.001129595,-2.07914236,0.011356111,-1.863200905
0.001134224,-2.073376984,0.012371604,-1.854475013
0.001138854,-2.067633557,0.013386648,-1.846062149
0.001143483,-2.061917955,0.014400885,-1.837968916
0.001148113,-2.056235819,0.015413958,-1.830201406
0.001152742,-2.050592546,0.016425508,-1.822765191
0.001157372,-2.044993283,0.017435178,-1.815665326
0.001162001,-2.039442927,0.018442609,-1.808906342
0.001166631,-2.033946114,0.019447448,-1.80249225
0.00117126,-2.028507222,0.02044934,-1.796426536
0.00117589,-2.023130364,0.021447938,-1.790712165
0.001180519,-2.017819388,0.022442894,-1.785351581
0.001185149,-2.012577869,0.023433868,-1.780346706
0.001189778,-2.007409115,0.024420523,-1.775698947
0.001194408,-2.00231616,0.025402527,-1.771409196
0.001199037,-1.997301765,0.026379558,-1.767477835
0.001203667,-1.992368416,0.027351296,-1.763904742
0.001208296,-1.987518326,0.028317431,-1.760689291
0.001212926,-1.982753436,0.029277661,-1.757830365
0.001217555,-1.978075412,0.030231692,-1.755326357
0.001222185,-1.973485648,0.031179238,-1.75317518
0.001226814,-1.96898527,0.032120023,-1.751374273
0.001231444,-1.964575133,0.033053781,-1.74992061
0.001236073,-1.960255828,0.033980256,-1.748810708
0.001240703,-1.956027682,0.034899202,-1.748040639
0.001245332,-1.951890763,0.035810385,-1.747606034
0.001249962,-1.94784488,0.036713582,-1.7475021
0.001254591,-1.94388959,0.03760858,-1.747723626
0.001259221,-1.940024203,0.038495179,-1.748264996
0.00126385,-1.936247781,0.03937319,-1.7491202
0.00126848,-1.932559149,0.040242438,-1.750282848
0.001273109,-1.928956895,0.041102757,-1.751746178
0.001277739,-1.925439379,0.041953998,-1.753503074
0.001282368,-1.922004737,0.042796019,-1.755546073
0.001286997,-1.918650885,0.043628695,-1.757867384
0.001291627,-1.915375529,0.044451909,-1.760458899
0.001296256,-1.912176167,0.045265562,-1.763312206
0.001300886,-1.9090501,0.046069561,-1.766418604
0.001305515,-1.905994435,0.04686383,-1.769769119
0.001310145,-1.903006094,0.047648303,-1.773354513
0.001314774,-1.900081818,0.048422925,-1.777165306
0.001319404,-1.89721818,0.049187654,-1.781191786
0.001324033,-1.894411586,0.049942459,-1.785424023
0.001328663,-1.891658288,0.050687319,-1.789851887
0.001333292,-1.888954389,0.051422225,-1.794465063
0.001337922,-1.886295849,0.052147178,-1.799253062
0.001342551,-1.883678497,0.052862187,-1.804205241
0.001347181,-1.881098036,0.053567274,-1.809310814
0.00135181,-1.878550052,0.054262465,-1.81455887
0.00135644,-1.876030025,0.0549478,-1.819938387
0.001361069,-1.87353333,0.055623322,-1.825438246
0.001365699,-1.871055252,0.056289085,-1.831047246
0.001370328,-1.868590994,0.056945148,-1.83675412
0.001374958,-1.866135679,0.057591575,-1.842547548
0.001379587,-1.863684366,0.058228439,-1.848416174
0.001384217,-1.861232054,0.058855815,-1.854348617
0.001388846,-1.858773691,0.059473783,-1.860333486
0.001393476,-1.856304182,0.060082428,-1.866359397
0.001398105,-1.853818398,0.060681836,-1.872414982
0.001402735,-1.851311185,0.061272096,-1.878488906
0.001407364,-1.848777369,0.061853298,-1.88456988
0.001411994,-1.846211768,0.062425535,-1.890646671
0.001416623,-1.843609197,0.062988897,-1.896708118
0.001421253,-1.840964476,0.063543475,-1.902743144
0.001425882,-1.83827244,0.064089359,-1.908740767
0.001430512,-1.835527946,0.064626637,-1.91469011
0.001435141,-1.832725879,0.065155393,-1.920580419
0.001439771,-1.829861159,0.065675709,-1.926401068
0.0014444,-1.826928752,0.066187661,-1.932141571
0.00144903,-1.823923674,0.066691323,-1.937791595
0.001453659,-1.820840999,0.06718676,-1.943340969
0.001458289,-1.817675865,0.067674034,-1.948779691
0.001462918,-1.814423482,0.068153198,-1.954097943
0.001467547,-1.811079138,0.0686243,-1.959286096
0.001472177,-1.807638207,0.069087377,-1.964334717
0.001476806,-1.804096149,0.069542458,-1.969234584
0.001481436,-1.800448526,0.069989566,-1.973976687
0.001486065,-1.796690999,0.07042871,-1.978552238
0.001490695,-1.792819338,0.070859891,-1.982952682
0.001495324,-1.788829426,0.071283098,-1.987169695
0.001499954,-1.784717264,0.071698312,-1.991195199
0.001504583,-1.780478979,0.072105497,-1.995021362
0.001509213,-1.776110823,0.07250461,-1.998640608
0.001513842,-1.771609184,0.072895593,-2.002045616
0.001518472,-1.766970585,0.073278376,-2.005229331
0.001523101,-1.762191692,0.073652876,-2.008184966
0.001527731,-1.757269315,0.074018995,-2.010906003
0.00153236,-1.752200415,0.074376624,-2.0133862
0.00153699,-1.746982103,0.07472564,-2.015619591
0.001541619,-1.741611646,0.075065903,-2.017600494
0.001546249,-1.736086472,0.075397264,-2.019323505
0.001550878,-1.730404169,0.075719555,-2.020783508
0.001555508,-1.724562486,0.076032597,-2.021975669
0.001560137,-1.718559342,0.076336195,-2.022895443
0.001564767,-1.712392823,0.076630143,-2.023538572
0.001569396,-1.706061183,0.076914216,-2.023901086
0.001574026,-1.69956285,0.07718818,-2.023979299
0.001578655,-1.692896423,0.077451784,-2.023769817
0.001583285,-1.686060675,0.077704765,-2.023269528
0.001587914,-1.679054553,0.077946846,-2.022475607
0.001592544,-1.671877181,0.078177738,-2.021385511
0.001597173,-1.664527856,0.078397138,-2.019996978
0.001601803,-1.657006052,0.078604733,-2.018308028
0.001606432,-1.649311418,0.078800194,-2.016316955
0.001611062,-1.641443778,0.078983185,-2.014022327
0.001615691,-1.63340313,0.079153356,-2.011422985
0.001620321,-1.625189647,0.079310348,-2.008518034
0.00162495,-1.616803673,0.079453793,-2.005306846
0.00162958,-1.608245725,0.079583312,-2.00178905
0.001634209,-1.599516488,0.079698518,-1.997964533
0.001638839,-1.590616816,0.079799017,-1.993833431
0.001643468,-1.581547731,0.079884406,-1.989396128
0.001648098,-1.572310418,0.079954278,-1.984653248
0.001652727,-1.562906224,0.08000822,-1.979605655
0.001657356,-1.553336656,0.080045811,-1.974254439
0.001661986,-1.543603379,0.080066631,-1.968600922
0.001666615,-1.533708211,0.080070254,-1.962646641
0.001671245,-1.523653123,0.080056251,-1.95639335
0.001675874,-1.513440232,0.080024196,-1.949843014
0.001680504,-1.503071804,0.079973658,-1.942997795
0.001685133,-1.492550243,0.079904209,-1.935860058
0.001689763,-1.481878094,0.079815424,-1.928432354
0.001694392,-1.471058034,0.079706878,-1.92071742
0.001699022,-1.460092874,0.079578152,-1.91271817
0.001703651,-1.448985549,0.079428831,-1.904437692
0.001708281,-1.43773912,0.079258506,-1.895879236
0.00171291,-1.426356763,0.079066774,-1.887046212
0.00171754,-1.414841774,0.078853242,-1.877942182
0.001722169,-1.403197554,0.078617524,-1.868570854
0.001726799,-1.391427615,0.078359244,-1.858936076
0.001731428,-1.379535567,0.078078039,-1.849041826
0.001736058,-1.367525121,0.077773557,-1.838892212
0.001740687,-1.355400077,0.077445458,-1.828491459
0.001745317,-1.343164327,0.077093418,-1.817843908
0.001749946,-1.330821843,0.076717128,-1.806954008
0.001754576,-1.318376679,0.076316293,-1.795826307
0.001759205,-1.305832962,0.075890637,-1.784465451
0.001763835,-1.29319489,0.075439901,-1.772876174
0.001768464,-1.280466724,0.074963845,-1.761063294
0.001773094,-1.267652787,0.07446225,-1.749031709
0.001777723,-1.254757458,0.073934915,-1.736786387
0.001782353,-1.241785167,0.073381662,-1.724332364
0.001786982,-1.22874039,0.072802335,-1.711674739
0.001791612,-1.215627645,0.072196801,-1.698818665
0.001796241,-1.202451487,0.071564949,-1.685769349
0.001800871,-1.189216506,0.070906695,-1.672532045
0.0018055,-1.175927319,0.070221977,-1.659112049
0.00181013,-1.162588566,0.069510759,-1.645514693
0.001814759,-1.149204908,0.068773034,-1.631745345
0.001819389,-1.135781021,0.068008816,-1.617809401
0.001824018,-1.122321591,0.067218152,-1.603712283
0.001828648,-1.108831313,0.066401112,-1.589459435
0.001833277,-1.095314882,0.065557795,-1.575056317
0.001837906,-1.081776993,0.064688329,-1.560508407
0.001842536,-1.068222335,0.06379287,-1.545821191
0.001847165,-1.054655588,0.062871602,-1.531000167
0.001851795,-1.041081418,0.06192474,-1.516050836
0.001856424,-1.027504475,0.060952525,-1.500978701
0.001861054,-1.013929388,0.059955231,-1.485789269
0.001865683,-1.00036076,0.058933158,-1.470488041
0.001870313,-0.986803169,0.057886638,-1.455080515
0.001874942,-0.973261158,0.056816032,-1.439572185
0.001879572,-0.959739239,0.055721729,-1.423968532
0.001884201,-0.946241882,0.054604151,-1.408275032
0.001888831,-0.932773519,0.053463745,-1.392497145
0.00189346,-0.919338535,0.052300992,-1.376640321
0.00189809,-0.905941269,0.0511164,-1.360709994
0.001902719,-0.892586009,0.049910504,-1.344711583
0.001907349,-0.879276988,0.048683872,-1.328650489
0.001911978,-0.866018385,0.047437098,-1.312532095
0.001916608,-0.852814318,0.046170806,-1.296361768
0.001921237,-0.839668845,0.044885646,-1.280144853
0.001925867,-0.826585958,0.043582297,-1.263886674
0.001930496,-0.813569583,0.042261465,-1.247592535
0.001935126,-0.800623574,0.040923883,-1.23126772
0.001939755,-0.787751718,0.039570312,-1.214917487
0.001944385,-0.774957724,0.038201535,-1.198547075
0.001949014,-0.762245225,0.036818364,-1.182161697
0.001953644,-0.749617777,0.035421634,-1.165766545
0.001958273,-0.737078854,0.034012206,-1.149366784
0.001962903,-0.724631847,0.032590962,-1.132967557
0.001967532,-0.712280065,0.031158809,-1.116573981
0.001972162,-0.700026727,0.029716676,-1.100191149
0.001976791,-0.687874964,0.028265512,-1.083824126
0.001981421,-0.67582782,0.026806289,-1.067477955
0.00198605,-0.663888245,0.025339996,-1.051157648
0.00199068,-0.652059093,0.023867643,-1.034868195
0.001995309,-0.640343129,0.022390258,-1.018614554
0.001999939,-0.628743016,0.020908885,-1.00240166
0.002004568,-0.617261322,0.019424585,-0.986234415
0.002009198,-0.605900516,0.017938434,-0.970117697
0.002013827,-0.594662966,0.01645152,-0.954056349
0.002018456,-0.583550937,0.014964948,-0.938055189
0.002023086,-0.572566595,0.01347983,-0.922119001
0.002027715,-0.561711999,0.011997293,-0.906252538
0.002032345,-0.550989106,0.01051847,-0.890460519
0.002036974,-0.540399766,0.009044503,-0.874747633
0.002041604,-0.529945724,0.007576542,-0.85911853
0.002046233,-0.519628619,0.00611574,-0.843577826
0.002050863,-0.509449979,0.004663257,-0.828130101
0.002055492,-0.49941123,0.003220253,-0.812779896
0.002060122,-0.489513685,0.00178789,-0.79753171
0.002064751,-0.479758552,0.000367331,-0.782390005
0.002069381,-0.470146927,-0.001040265,-0.767359198
0.00207401,-0.460679801,-0.00243374,-0.752443662
0.00207864,-0.451358054,-0.003811944,-0.737647724
0.002083269,-0.442182458,-0.005173731,-0.722975664
0.002087899,-0.433153676,-0.006517963,-0.708431712
0.002092528,-0.424272263,-0.007843513,-0.694020047
0.002097158,-0.415538668,-0.009149265,-0.679744793
0.002101787,-0.40695323,-0.010434116,-0.665610021
0.002106417,-0.398516183,-0.011696977,-0.651619742
0.002111046,-0.390227655,-0.012936777,-0.637777907
0.002115676,-0.382087668,-0.01415246,-0.624088406
0.002120305,-0.374096141,-0.015342993,-0.610555063
0.002124935,-0.366252888,-0.016507363,-0.597181636
0.002129564,-0.358557622,-0.017644579,-0.583971812
0.002134194,-0.351009956,-0.018753677,-0.570929205
0.002138823,-0.343609402,-0.019833718,-0.558057357
0.002143453,-0.336355373,-0.020883791,-0.545359727
0.002148082,-0.329247188,-0.021903015,-0.532839699
0.002152712,-0.322284068,-0.02289054,-0.520500569
0.002157341,-0.315465143,-0.023845549,-0.50834555
0.002161971,-0.30878945,-0.024767259,-0.496377763
0.0021666,-0.302255938,-0.025654925,-0.484600239
0.00217123,-0.295863467,-0.026507836,-0.473015911
0.002175859,-0.289610811,-0.027325323,-0.461627618
0.002180489,-0.283496664,-0.028106755,-0.450438094
0.002185118,-0.277519634,-0.028851544,-0.43944997
0.002189748,-0.271678256,-0.029559144,-0.42866577
0.002194377,-0.265970983,-0.030229054,-0.418087906
0.002199007,-0.2603962,-0.030860819,-0.407718678
0.002203636,-0.254952217,-0.03145403,-0.39756027
0.002208265,-0.249637278,-0.032008324,-0.387614743
0.002212895,-0.244449559,-0.032523389,-0.37788404
0.002217524,-0.239387176,-0.032998963,-0.368369973
0.002222154,-0.234448185,-0.033434832,-0.35907423
0.002226783,-0.229630582,-0.033830837,-0.349998366
0.002231413,-0.224932314,-0.034186868,-0.341143798
0.002236042,-0.220351274,-0.03450287,-0.332511811
0.002240672,-0.215885309,-0.03477884,-0.324103547
0.002245301,-0.211532221,-0.035014831,-0.315920004
0.002249931,-0.207289771,-0.035210949,-0.307962037
0.00225456,-0.203155684,-0.035367355,-0.300230352
0.00225919,-0.199127649,-0.035484266,-0.292725504
0.002263819,-0.195203325,-0.035561953,-0.285447895
0.002268449,-0.191380343,-0.035600744,-0.278397772
0.002273078,-0.187656312,-0.035601022,-0.271575225
0.002277708,-0.184028818,-0.035563224,-0.264980185
0.002282337,-0.180495431,-0.035487845,-0.258612419
0.002286967,-0.17705371,-0.035375433,-0.252471535
0.002291596,-0.173701203,-0.035226591,-0.246556973
0.002296226,-0.17043545,-0.035041976,-0.240868008
0.002300855,-0.167253991,-0.034822301,-0.235403747
0.002305485,-0.164154368,-0.034568328,-0.230163128
0.002310114,-0.161134125,-0.034280875,-0.22514492
0.002314744,-0.158190819,-0.03396081,-0.220347721
0.002319373,-0.155322015,-0.033609051,-0.215769956
0.002324003,-0.152525298,-0.033226568,-0.211409881
0.002328632,-0.149798268,-0.032814377,-0.207265577
0.002333262,-0.147138552,-0.032373542,-0.203334955
0.002337891,-0.144543804,-0.031905175,-0.199615751
0.002342521,-0.142011705,-0.031410431,-0.196105532
0.00234715,-0.139539975,-0.030890508,-0.192801692
0.00235178,-0.137126367,-0.030346647,-0.189701455
0.002356409,-0.134768678,-0.029780128,-0.186801873
0.002361039,-0.132464749,-0.029192272,-0.184099832
0.002365668,-0.130212469,-0.028584433,-0.181592049
0.002370298,-0.128009778,-0.027958002,-0.179275076
0.002374927,-0.125854672,-0.027314403,-0.1771453
0.002379557,-0.123745203,-0.026655091,-0.175198947
0.002384186,-0.121679485,-0.025981548,-0.173432082
0.002388815,-0.119655698,-0.025295285,-0.171840614
0.002393445,-0.117672087,-0.024597835,-0.170420296
0.002398074,-0.11572697,-0.023890757,-0.169166729
0.002402704,-0.113818735,-0.023175624,-0.168075367
0.002407333,-0.111945848,-0.022454033,-0.167141516
0.002411963,-0.110106855,-0.02172759,-0.166360342
0.002416592,-0.10830038,-0.020997917,-0.165726873
0.002421222,-0.106525134,-0.020266646,-0.165236001
0.002425851,-0.104779912,-0.019535413,-0.164882489
0.002430481,-0.103063599,-0.018805863,-0.164660973
0.00243511,-0.101375171,-0.01807964,-0.16456597
0.00243974,-0.099713694,-0.017358388,-0.164591878
0.002444369,-0.09807833,-0.016643748,-0.164732984
0.002448999,-0.096468339,-0.015937355,-0.16498347
0.002453628,-0.094883075,-0.015240833,-0.165337414
0.002458258,-0.093321993,-0.014555797,-0.165788798
0.002462887,-0.09178465,-0.013883846,-0.166331516
0.002467517,-0.090270701,-0.013226562,-0.166959374
0.002472146,-0.088779905,-0.012585507,-0.167666102
0.002476776,-0.087312124,-0.01196222,-0.168445354
0.002481405,-0.085867324,-0.011358214,-0.169290717
0.002486035,-0.084445574,-0.010774975,-0.17019572
0.002490664,-0.083047047,-0.010213956,-0.171153835
0.002495294,-0.08167202,-0.009676578,-0.172158485
0.002499923,-0.080320874,-0.009164225,-0.173203052
0.002504553,-0.078994092,-0.00867824,-0.174280883
0.002509182,-0.077692262,-0.008219928,-0.175385296
0.002513812,-0.076416071,-0.007790548,-0.176509587
0.002518441,-0.075166308,-0.007391311,-0.177647036
0.002523071,-0.07394386,-0.007023382,-0.178790914
0.0025277,-0.072749713,-0.006687873,-0.17993449
0.00253233,-0.071584948,-0.006385843,-0.18107104
0.002536959,-0.07045074,-0.006118295,-0.182193848
0.002541589,-0.069348355,-0.005886175,-0.183296221
0.002546218,-0.06827915,-0.005690368,-0.184371486
0.002550848,-0.067244567,-0.005531698,-0.185413008
0.002555477,-0.066246133,-0.005410927,-0.186414185
0.002560107,-0.065285454,-0.00532875,-0.187368466
0.002564736,-0.064364213,-0.005285796,-0.18826935
0.002569365,-0.063484171,-0.005282626,-0.189110395
0.002573995,-0.062647153,-0.005319732,-0.189885226
0.002578624,-0.061855055,-0.005397534,-0.19058754
0.002583254,-0.061109833,-0.005516382,-0.191211114
0.002587883,-0.060413501,-0.005676552,-0.191749811
0.002592513,-0.059768125,-0.005878249,-0.192197586
0.002597142,-0.059175822,-0.0061216,-0.192548492
0.002601772,-0.05863875,-0.00640666,-0.192796689
0.002606401,-0.058159107,-0.006733408,-0.192936447
0.002611031,-0.057739125,-0.007101749,-0.192962156
0.00261566,-0.057381062,-0.007511511,-0.192868326
0.00262029,-0.0570872,-0.007962448,-0.192649602
0.002624919,-0.056859837,-0.008454237,-0.192300762
0.002629549,-0.056701283,-0.008986484,-0.191816726
0.002634178,-0.056613852,-0.009558716,-0.191192565
0.002638808,-0.056599857,-0.010170391,-0.190423499
0.002643437,-0.056661606,-0.010820891,-0.189504912
0.002648067,-0.056801392,-0.011509528,-0.18843235
0.002652696,-0.057021489,-0.012235543,-0.187201531
0.002657326,-0.057324144,-0.012998107,-0.185808347
0.002661955,-0.057711575,-0.013796325,-0.184248873
0.002666585,-0.058185959,-0.014629234,-0.18251937
0.002671214,-0.058749429,-0.015495808,-0.180616289
0.002675844,-0.059404064,-0.016394957,-0.178536281
0.002680473,-0.06015189,-0.01732553,-0.176276193
0.002685103,-0.060994863,-0.018286319,-0.173833084
0.002689732,-0.061934873,-0.019276059,-0.17120422
0.002694362,-0.062973729,-0.020293432,-0.168387083
0.002698991,-0.064113159,-0.021337066,-0.165379376
0.002703621,-0.065354798,-0.022405545,-0.162179026
0.00270825,-0.066700188,-0.023497402,-0.158784188
0.00271288,-0.068150767,-0.02461113,-0.155193249
0.002717509,-0.069707864,-0.025745181,-0.151404835
0.002722139,-0.071372694,-0.026897971,-0.147417809
0.002726768,-0.073146353,-0.028067879,-0.143231283
0.002731398,-0.07502981,-0.029253257,-0.138844612
0.002736027,-0.0770239,-0.030452427,-0.134257405
0.002740657,-0.079129325,-0.031663688,-0.129469526
0.002745286,-0.081346641,-0.032885317,-0.124481096
0.002749915,-0.08367626,-0.034115574,-0.119292497
0.002754545,-0.086118438,-0.035352707,-0.113904375
0.002759174,-0.088673276,-0.036594952,-0.108317643
0.002763804,-0.091340712,-0.037840538,-0.102533482
0.002768433,-0.094120518,-0.03908769,-0.096553347
0.002773063,-0.097012295,-0.040334636,-0.090378965
0.002777692,-0.100015473,-0.041579606,-0.084012339
0.002782322,-0.103129298,-0.042820836,-0.077455751
0.002786951,-0.10635284,-0.044056576,-0.070711761
0.002791581,-0.10968498,-0.045285088,-0.063783211
0.00279621,-0.113124413,-0.046504651,-0.056673227
0.00280084,-0.116669644,-0.047713569,-0.049385214
0.002805469,-0.120318984,-0.048910166,-0.041922866
0.002810099,-0.124070546,-0.050092796,-0.03429016
0.002814728,-0.127922249,-0.051259844,-0.026491358
0.002819358,-0.13187181,-0.052409729,-0.018531009
0.002823987,-0.135916747,-0.053540906,-0.010413945
0.002828617,-0.140054375,-0.054651872,-0.002145287
0.002833246,-0.144281804,-0.055741165,0.006269561
0.002837876,-0.148595943,-0.056807368,0.014824912
0.002842505,-0.152993494,-0.057849116,0.023514795
0.002847135,-0.157470957,-0.05886509,0.032332957
0.002851764,-0.162024623,-0.059854027,0.041272865
0.002856394,-0.166650584,-0.060814718,0.050327709
0.002861023,-0.171344724,-0.061746012,0.059490401
0.002865653,-0.176102725,-0.062646817,0.068753582
0.002870282,-0.180920069,-0.063516101,0.07810962
0.002874912,-0.185792034,-0.064352896,0.087550616
0.002879541,-0.190713703,-0.065156297,0.097068407
0.002884171,-0.195679958,-0.065925466,0.106654568
0.0028888,-0.200685489,-0.06665963,0.11630042
0.00289343,-0.205724791,-0.067358084,0.125997028
0.002898059,-0.21079217,-0.068020192,0.135735212
0.002902689,-0.215881743,-0.068645385,0.145505548
0.002907318,-0.220987445,-0.069233166,0.155298374
0.002911948,-0.226103029,-0.069783105,0.165103797
0.002916577,-0.231222069,-0.070294846,0.174911698
0.002921207,-0.236337966,-0.070768099,0.184711737
0.002925836,-0.241443951,-0.071202644,0.194493361
0.002930466,-0.24653309,-0.071598333,0.204245812
0.002935095,-0.251598286,-0.071955085,0.213958131
0.002939724,-0.256632285,-0.072272887,0.223619169
0.002944354,-0.261627681,-0.072551793,0.233217592
0.002948983,-0.266576922,-0.072791925,0.242741891
0.002953613,-0.271472311,-0.072993468,0.252180392
0.002958242,-0.276306017,-0.073156674,0.261521259
0.002962872,-0.281070074,-0.073281854,0.270752511
0.002967501,-0.285756394,-0.073369382,0.279862024
0.002972131,-0.290356766,-0.073419691,0.288837546
0.00297676,-0.294862865,-0.073433271,0.297666705
0.00298139,-0.299266259,-0.07341067,0.30633702
0.002986019,-0.303558414,-0.073352488,0.31483591
0.002990649,-0.3077307,-0.073259374,0.323150707
0.002995278,-0.311774398,-0.073132032,0.331268667
0.002999908,-0.315680708,-0.072971209,0.339176978
0.003004537,-0.319440752,-0.072777699,0.346862775
0.003009167,-0.323045585,-0.072552336,0.354313154
0.003013796,-0.3264862,-0.072295998,0.361515177
0.003018426,-0.329753536,-0.072009596,0.368455891
0.003023055,-0.332838483,-0.07169408,0.375122338
0.003027685,-0.335731894,-0.071350429,0.381501566
0.003032314,-0.338424585,-0.070979653,0.387580644
0.003036944,-0.34090735,-0.070582791,0.393346677
0.003041573,-0.343170965,-0.070160904,0.398786813
0.003046203,-0.345206194,-0.069715074,0.403888262
0.003050832,-0.3470038,-0.069246406,0.408638309
0.003055462,-0.348554552,-0.068756018,0.413024323
0.003060091,-0.349849229,-0.068245043,0.417033776
0.003064721,-0.350878635,-0.067714625,0.420654254
0.00306935,-0.351633598,-0.067165917,0.423873468
0.00307398,-0.352104987,-0.066600078,0.426679277
0.003078609,-0.352283713,-0.066018271,0.42905969
0.003083239,-0.352160739,-0.065421658,0.431002889
0.003087868,-0.351727089,-0.064811403,0.432497238
0.003092498,-0.350973854,-0.064188664,0.433531299
0.003097127,-0.349892204,-0.063554594,0.434093843
0.003101757,-0.348473389,-0.062910339,0.43417387
0.003106386,-0.346708752,-0.062257031,0.433760613
0.003111016,-0.344589738,-0.061595794,0.432843559
0.003115645,-0.342107895,-0.060927736,0.431412462
0.003120274,-0.339254889,-0.060253948,0.429457352
0.003124904,-0.336022508,-0.059575503,0.42696855
0.003129533,-0.332402671,-0.058893457,0.423936683
0.003134163,-0.328387432,-0.058208842,0.420352696
0.003138792,-0.323968995,-0.057522668,0.41620786
0.003143422,-0.319139712,-0.056835919,0.411493791
0.003148051,-0.313892098,-0.056149558,0.406202459
0.003152681,-0.308218835,-0.055464516,0.400326197
0.00315731,-0.302112778,-0.054781699,0.393857718
0.00316194,-0.295566965,-0.054101984,0.386790124
0.003166569,-0.288574622,-0.053426216,0.379116913
0.003171199,-0.281129168,-0.052755212,0.370831995
0.003175828,-0.273224227,-0.052089757,0.361929702
0.003180458,-0.264853628,-0.051430602,0.352404792
0.003185087,-0.256011418,-0.050778468,0.342252467
0.003189717,-0.246691862,-0.050134041,0.331468375
0.003194346,-0.236889455,-0.049497977,0.320048621
0.003198976,-0.226598921,-0.048870895,0.307989778
0.003203605,-0.215815226,-0.048253383,0.295288891
0.003208235,-0.204533581,-0.047645993,0.281943487
0.003212864,-0.192749445,-0.047049247,0.26795158
0.003217494,-0.180458533,-0.046463631,0.253311679
0.003222123,-0.167656823,-0.045889599,0.238022796
0.003226753,-0.154340555,-0.045327572,0.222084446
0.003231382,-0.140506243,-0.044777939,0.205496657
0.003236012,-0.126150676,-0.044241057,0.188259974
0.003240641,-0.111270923,-0.043717252,0.17037546
0.003245271,-0.095864336,-0.043206819,0.151844705
0.0032499,-0.079928558,-0.042710023,0.132669823
0.00325453,-0.063461526,-0.042227099,0.11285346
0.003259159,-0.046461471,-0.041758256,0.092398791
0.003263789,-0.028926928,-0.041303672,0.071309528
0.003268418,-0.010856736,-0.040863501,0.049589914
0.003273048,0.007749959,-0.04043787,0.027244729
0.003277677,0.026893699,-0.040026882,0.004279287
0.003282307,0.046574709,-0.039630613,-0.019300563
0.003286936,0.066792898,-0.039249119,-0.043488442
0.003291566,0.087547855,-0.038882435,-0.068277434
0.003296195,0.108838841,-0.038530571,-0.093660097
0.003300824,0.130664796,-0.038193521,-0.119628462
0.003305454,0.153024329,-0.037871259,-0.146174036
0.003310083,0.175915715,-0.037563739,-0.173287807
0.003314713,0.1993369,-0.037270902,-0.200960244
0.003319342,0.223285493,-0.036992672,-0.229181309
0.003323972,0.247758766,-0.036728956,-0.257940458
0.003328601,0.272753651,-0.036479651,-0.287226645
0.003333231,0.29826674,-0.03624464,-0.317028333
0.00333786,0.324294286,-0.036023793,-0.347333496
0.00334249,0.350832195,-0.035816971,-0.37812963
0.003347119,0.377876032,-0.035624026,-0.409403761
0.003351749,0.405421016,-0.035444799,-0.441142449
0.003356378,0.43346202,-0.035279126,-0.473331801
0.003361008,0.461993571,-0.035126833,-0.505957478
0.003365637,0.491009852,-0.034987743,-0.539004707
0.003370267,0.520504696,-0.03486167,-0.572458288
0.003374896,0.550471593,-0.034748428,-0.606302606
0.003379526,0.580903683,-0.034647824,-0.640521644
0.003384155,0.611793765,-0.034559662,-0.675098991
0.003388785,0.643134288,-0.034483746,-0.710017858
0.003393414,0.674917361,-0.034419875,-0.745261085
0.003398044,0.707134748,-0.034367849,-0.780811158
0.003402673,0.73977787,-0.034327468,-0.816650221
0.003407303,0.772837811,-0.034298528,-0.852760089
0.003411932,0.806305313,-0.034280831,-0.889122263
0.003416562,0.840170783,-0.034274175,-0.925717942
0.003421191,0.874424295,-0.034278361,-0.962528039
0.003425821,0.909055589,-0.034293192,-0.999533196
0.00343045,0.944054078,-0.034318473,-1.0367138
0.00343508,0.979408848,-0.034354009,-1.074049997
0.003439709,1.015108662,-0.034399609,-1.111521708
0.003444339,1.051141964,-0.034455085,-1.149108646
0.003448968,1.087496884,-0.034520251,-1.186790331
0.003453598,1.124161239,-0.034594924,-1.22454611
0.003458227,1.161122541,-0.034678923,-1.26235517
0.003462857,1.198367999,-0.034772071,-1.300196557
0.003467486,1.235884525,-0.034874193,-1.338049193
0.003472116,1.27365874,-0.034985118,-1.375891896
0.003476745,1.311676978,-0.035104678,-1.413703392
0.003481375,1.349925296,-0.035232706,-1.451462339
0.003486004,1.388389473,-0.035369039,-1.489147343
0.003490633,1.427055024,-0.035513517,-1.526736976
0.003495263,1.465907204,-0.03566598,-1.564209793
0.003499892,1.504931013,-0.035826274,-1.601544355
0.003504522,1.544111208,-0.035994242,-1.638719242
0.003509151,1.583432307,-0.036169733,-1.675713076
0.003513781,1.622878602,-0.036352595,-1.712504539
0.00351841,1.662434162,-0.036542678,-1.74907239
0.00352304,1.702082847,-0.036739831,-1.785395485
0.003527669,1.741808313,-0.036943905,-1.821452799
0.003532299,1.781594025,-0.03715475,-1.857223438
0.003536928,1.821423267,-0.037372218,-1.892686665
0.003541558,1.86127915,-0.037596157,-1.927821915
0.003546187,1.901144623,-0.037826415,-1.962608816
0.003550817,1.941002488,-0.038062839,-1.997027203
0.003555446,1.980835405,-0.038305274,-2.031057145
0.003560076,2.02062591,-0.038553562,-2.064678955
0.003564705,2.060356422,-0.038807542,-2.097873216
0.003569335,2.100009259,-0.03906705,-2.130620791
0.003573964,2.139566647,-0.039331919,-2.16290285
0.003578594,2.179010736,-0.039601976,-2.194700881
0.003583223,2.218323612,-0.039877044,-2.225996712
0.003587853,2.257487311,-0.040156942,-2.256772526
0.003592482,2.296483831,-0.040441482,-2.28701088
0.003597112,2.335295147,-0.040730471,-2.31669472
0.003601741,2.373903226,-0.041023709,-2.345807401
0.003606371,2.412290042,-0.041320991,-2.374332701
0.003611,2.450437587,-0.041622101,-2.402254835
0.00361563,2.488327889,-0.041926818,-2.429558478
0.003620259,2.525943027,-0.042234914,-2.456228772
0.003624889,2.563265145,-0.04254615,-2.482251348
0.003629518,2.600276468,-0.042860281,-2.507612335
0.003634148,2.636959317,-0.04317705,-2.532298378
0.003638777,2.673296125,-0.043496193,-2.556296652
0.003643407,2.709269453,-0.043817436,-2.579594872
0.003648036,2.744862004,-0.044140494,-2.602181309
0.003652666,2.780056643,-0.044465074,-2.624044802
0.003657295,2.814836408,-0.044790872,-2.645174768
0.003661925,2.849184529,-0.045117572,-2.665561216
0.003666554,2.883084441,-0.045444849,-2.685194756
0.003671183,2.916519805,-0.045772368,-2.70406661
0.003675813,2.949474517,-0.046099782,-2.722168621
0.003680442,2.981932731,-0.046426733,-2.739493264
0.003685072,3.013878868,-0.046752854,-2.756033651
0.003689701,3.045297636,-0.047077766,-2.771783544
0.003694331,3.076174044,-0.04740108,-2.786737357
0.00369896,3.106493415,-0.047722396,-2.800890165
0.00370359,3.136241406,-0.048041304,-2.814237709
0.003708219,3.165404017,-0.048357384,-2.826776405
0.003712849,3.19396761,-0.048670206,-2.838503343
0.003717478,3.221918919,-0.04897933,-2.849416292
0.003722108,3.24924507,-0.049284307,-2.859513707
0.003726737,3.275933588,-0.049584679,-2.868794727
0.003731367,3.301972413,-0.04987998,-2.877259178
0.003735996,3.327349915,-0.050169735,-2.884907575
0.003740626,3.352054902,-0.050453462,-2.891741119
0.003745255,3.376076635,-0.050730672,-2.897761701
0.003749885,3.399404839,-0.051000868,-2.902971895
0.003754514,3.422029714,-0.051263548,-2.907374959
0.003759144,3.443941944,-0.051518207,-2.910974833
0.003763773,3.46513271,-0.05176433,-2.91377613
0.003768403,3.485593695,-0.052001404,-2.915784138
0.003773032,3.505317098,-0.052228908,-2.917004808
0.003777662,3.524295639,-0.052446322,-2.917444753
0.003782291,3.542522567,-0.052653121,-2.917111236
0.003786921,3.559991669,-0.052848783,-2.916012166
0.00379155,3.576697273,-0.053032783,-2.914156087
0.00379618,3.592634255,-0.053204599,-2.911552171
0.003800809,3.607798047,-0.053363709,-2.908210202
0.003805439,3.622184637,-0.053509596,-2.904140573
0.003810068,3.635790574,-0.053641746,-2.899354266
0.003814698,3.648612973,-0.05375965,-2.893862845
0.003819327,3.660649512,-0.053862803,-2.887678441
0.003823957,3.671898441,-0.053950711,-2.880813736
0.003828586,3.682358574,-0.054022884,-2.873281952
0.003833216,3.692029298,-0.054078843,-2.86509683
0.003837845,3.700910564,-0.054118119,-2.85627262
0.003842475,3.709002889,-0.054140255,-2.846824059
0.003847104,3.716307355,-0.054144805,-2.836766356
0.003851733,3.722825604,-0.054131337,-2.826115173
0.003856363,3.728559833,-0.054099434,-2.814886607
0.003860992,3.733512793,-0.054048693,-2.80309717
0.003865622,3.737687779,-0.053978731,-2.790763769
0.003870251,3.741088629,-0.053889179,-2.777903686
0.003874881,3.743719712,-0.053779691,-2.764534557
0.00387951,3.745585924,-0.053649937,-2.75067435
0.00388414,3.746692678,-0.053499611,-2.736341346
0.003888769,3.747045896,-0.053328428,-2.721554112
0.003893399,3.746652001,-0.053136127,-2.706331484
0.003898028,3.745517901,-0.05292247,-2.690692539
0.003902658,3.743650985,-0.052687245,-2.674656577
0.003907287,3.741059107,-0.052430265,-2.658243092
0.003911917,3.737750577,-0.052151371,-2.641471754
0.003916546,3.733734145,-0.051850432,-2.624362382
0.003921176,3.72901899,-0.051527345,-2.606934921
0.003925805,3.723614707,-0.051182035,-2.589209417
0.003930435,3.717531289,-0.050814462,-2.571205994
0.003935064,3.710779119,-0.05042461,-2.552944832
0.003939694,3.703368947,-0.050012501,-2.534446138
0.003944323,3.695311882,-0.049578186,-2.515730126
0.003948953,3.686619371,-0.049121748,-2.496816994
0.003953582,3.677303184,-0.048643304,-2.477726894
0.003958212,3.6673754,-0.048143006,-2.458479917
0.003962841,3.656848387,-0.047621037,-2.439096062
0.003967471,3.645734787,-0.047077617,-2.41959522
0.0039721,3.6340475,-0.046512999,-2.399997144
0.00397673,3.621799663,-0.04592747,-2.380321432
0.003981359,3.609004634,-0.045321354,-2.360587502
0.003985989,3.595675978,-0.044695007,-2.340814573
0.003990618,3.581827445,-0.044048821,-2.321021641
0.003995248,3.567472952,-0.043383223,-2.301227458
0.003999877,3.552626571,-0.042698673,-2.281450516
0.004004507,3.537302505,-0.041995665,-2.261709022
0.004009136,3.521515075,-0.041274729,-2.242020882
0.004013766,3.5052787,-0.040536426,-2.222403682
0.004018395,3.488607879,-0.03978135,-2.202874669
0.004023025,3.47151718,-0.039010128,-2.183450735
0.004027654,3.454021216,-0.038223417,-2.1641484
0.004032284,3.436134631,-0.037421907,-2.144983795
0.004036913,3.417872084,-0.036606316,-2.12597265
0.004041542,3.399248236,-0.035777391,-2.107130275
0.004046172,3.380277726,-0.03493591,-2.08847155
0.004050801,3.360975166,-0.034082675,-2.070010911
0.004055431,3.341355118,-0.033218514,-2.05176234
0.00406006,3.321432081,-0.032344281,-2.033739348
0.00406469,3.301220482,-0.031460855,-2.01595497
0.004069319,3.280734655,-0.030569133,-1.998421755
0.004073949,3.259988832,-0.029670037,-1.981151754
0.004078578,3.23899713,-0.028764506,-1.964156516
0.004083208,3.217773535,-0.027853498,-1.947447079
0.004087837,3.196331897,-0.026937988,-1.931033962
0.004092467,3.174685911,-0.026018964,-1.914927164
0.004097096,3.152849111,-0.025097428,-1.899136155
0.004101726,3.130834858,-0.024174394,-1.883669878
0.004106355,3.108656332,-0.023250885,-1.868536739
0.004110985,3.086326519,-0.022327933,-1.853744611
0.004115614,3.063858207,-0.021406576,-1.83930083
0.004120244,3.041263972,-0.020487853,-1.825212197
0.004124873,3.018556177,-0.019572811,-1.811484975
0.004129503,2.995746959,-0.018662492,-1.798124892
0.004134132,2.972848226,-0.017757942,-1.785137146
0.004138762,2.94987165,-0.016860198,-1.772526403
0.004143391,2.926828661,-0.015970297,-1.760296803
0.004148021,2.903730441,-0.015089264,-1.748451964
0.00415265,2.880587921,-0.014218118,-1.736994987
0.00415728,2.857411777,-0.013357866,-1.725928462
0.004161909,2.834212426,-0.012509502,-1.715254473
0.004166539,2.811000022,-0.011674003,-1.704974608
0.004171168,2.787784452,-0.010852332,-1.69508996
0.004175798,2.76457534,-0.01004543,-1.685601143
0.004180427,2.741382036,-0.009254219,-1.676508296
0.004185057,2.718213623,-0.008479598,-1.667811093
0.004189686,2.695078909,-0.007722442,-1.659508751
0.004194316,2.671986434,-0.006983598,-1.651600045
0.004198945,2.648944461,-0.006263886,-1.644083313
0.004203575,2.625960981,-0.005564096,-1.63695647
0.004208204,2.603043716,-0.004884986,-1.630217018
0.004212834,2.580200113,-0.004227282,-1.623862058
0.004217463,2.557437348,-0.003591674,-1.617888303
0.004222092,2.534762332,-0.002978817,-1.61229209
0.004226722,2.512181702,-0.002389328,-1.607069391
0.004231351,2.489701835,-0.001823785,-1.602215825
0.004235981,2.467328841,-0.001282727,-1.597726675
0.00424061,2.445068567,-0.000766648,-1.593596898
0.00424524,2.422926604,-0.000276005,-1.589821139
0.004249869,2.400908285,0.000188793,-1.586393745
0.004254499,2.379018688,0.000627379,-1.583308775
0.004259128,2.357262642,0.001039433,-1.58056002
0.004263758,2.335644729,0.001424679,-1.57814101
0.004268387,2.314169284,0.001782889,-1.576045034
0.004273017,2.292840404,0.002113882,-1.574265145
0.004277646,2.271661947,0.002417525,-1.572794184
0.004282276,2.250637538,0.002693732,-1.571624784
0.004286905,2.229770572,0.002942467,-1.57074939
0.004291535,2.209064218,0.00316374,-1.570160269
0.004296164,2.188521423,0.003357612,-1.569849524
0.004300794,2.168144916,0.003524191,-1.569809108
0.004305423,2.147937211,0.003663633,-1.570030834
0.004310053,2.127900612,0.003776143,-1.570506391
0.004314682,2.108037219,0.003861974,-1.571227355
0.004319312,2.088348929,0.003921423,-1.572185203
0.004323941,2.06883744,0.003954837,-1.573371322
0.004328571,2.049504259,0.003962608,-1.574777022
0.0043332,2.030350703,0.003945171,-1.57639355
0.00433783,2.011377902,0.003903008,-1.578212097
0.004342459,1.992586809,0.003836642,-1.580223814
0.004347089,1.973978198,0.003746638,-1.582419819
0.004351718,1.955552671,0.003633603,-1.584791208
0.004356348,1.937310662,0.003498183,-1.587329068
0.004360977,1.919252441,0.003341063,-1.590024482
0.004365607,1.901378119,0.003162962,-1.592868543
0.004370236,1.883687651,0.002964638,-1.595852361
0.004374866,1.866180839,0.00274688,-1.598967073
0.004379495,1.848857339,0.002510509,-1.602203849
0.004384125,1.831716663,0.002256377,-1.605553902
0.004388754,1.814758182,0.001985365,-1.609008498
0.004393384,1.797981134,0.001698379,-1.612558958
0.004398013,1.781384623,0.001396351,-1.61619667
0.004402642,1.764967625,0.001080235,-1.619913092
0.004407272,1.748728993,0.000751005,-1.623699762
0.004411901,1.732667458,0.000409654,-1.6275483
0.004416531,1.716781635,5.71932E-05,-1.631450418
0.00442116,1.701070024,-0.000305354,-1.635397921
0.00442579,1.685531016,-0.000676951,-1.639382713
0.004430419,1.670162896,-0.00105655,-1.643396804
0.004435049,1.654963846,-0.001443097,-1.647432311
0.004439678,1.639931946,-0.001835532,-1.651481464
0.004444308,1.625065181,-0.002232788,-1.655536607
0.004448937,1.610361443,-0.002633802,-1.659590203
0.004453567,1.595818532,-0.003037506,-1.663634838
0.004458196,1.581434162,-0.003442839,-1.667663218
0.004462826,1.567205963,-0.003848741,-1.671668179
0.004467455,1.553131482,-0.004254163,-1.675642681
0.004472085,1.539208188,-0.004658061,-1.679579815
0.004476714,1.525433476,-0.005059404,-1.683472801
0.004481344,1.511804666,-0.005457175,-1.68731499
0.004485973,1.498319008,-0.005850369,-1.691099865
0.004490603,1.484973684,-0.006237999,-1.694821042
0.004495232,1.471765812,-0.006619098,-1.698472266
0.004499862,1.458692447,-0.006992718,-1.702047416
0.004504491,1.445750584,-0.007357934,-1.705540503
0.004509121,1.432937159,-0.007713843,-1.708945667
0.00451375,1.420249056,-0.00805957,-1.712257177
0.00451838,1.407683104,-0.008394265,-1.715469435
0.004523009,1.395236082,-0.008717107,-1.718576966
0.004527639,1.382904721,-0.009027305,-1.721574424
0.004532268,1.370685707,-0.009324101,-1.724456588
0.004536898,1.358575683,-0.009606766,-1.727218358
0.004541527,1.34657125,-0.009874607,-1.729854758
0.004546157,1.334668972,-0.010126966,-1.732360929
0.004550786,1.322865376,-0.01036322,-1.734732132
0.004555416,1.311156956,-0.010582782,-1.736963742
0.004560045,1.299540173,-0.010785104,-1.739051247
0.004564675,1.288011463,-0.010969677,-1.740990248
0.004569304,1.276567231,-0.011136028,-1.742776453
0.004573934,1.265203861,-0.011283728,-1.744405678
0.004578563,1.253917716,-0.011412386,-1.745873845
0.004583192,1.242705138,-0.011521651,-1.747176976
0.004587822,1.231562456,-0.011611215,-1.748311193
0.004592451,1.220485981,-0.01168081,-1.74927272
0.004597081,1.209472018,-0.011730211,-1.750057874
0.00460171,1.198516861,-0.011759232,-1.750663065
0.00460634,1.187616801,-0.011767733,-1.751084797
0.004610969,1.176768126,-0.011755613,-1.751319664
0.004615599,1.165967123,-0.011722812,-1.751364348
0.004620228,1.155210085,-0.011669313,-1.751215617
0.004624858,1.144493311,-0.01159514,-1.750870323
0.004629487,1.133813111,-0.011500357,-1.750325404
0.004634117,1.123165807,-0.01138507,-1.749577878
0.004638746,1.112547739,-0.011249422,-1.748624844
0.004643376,1.101955264,-0.011093598,-1.747463481
0.004648005,1.091384766,-0.010917821,-1.746091047
0.004652635,1.080832653,-0.010722351,-1.744504877
0.004657264,1.070295366,-0.010507486,-1.742702382
0.004661894,1.059769377,-0.01027356,-1.740681052
0.004666523,1.049251197,-0.010020942,-1.738438452
0.004671153,1.038737379,-0.009750036,-1.735972223
0.004675782,1.02822452,-0.00946128,-1.733280081
0.004680412,1.017709267,-0.009155142,-1.730359819
0.004685041,1.007188317,-0.008832125,-1.727209305
0.004689671,0.996658427,-0.008492758,-1.723826484
0.0046943,0.986116412,-0.008137601,-1.720209379
0.00469893,0.975559153,-0.007767242,-1.716356088
0.004703559,0.964983598,-0.007382293,-1.712264791
0.004708189,0.954386768,-0.006983391,-1.707933744
0.004712818,0.943765759,-0.0065712,-1.703361285
0.004717448,0.93311775,-0.006146402,-1.698545835
0.004722077,0.922440002,-0.0057097,-1.693485895
0.004726707,0.911729863,-0.005261818,-1.688180053
0.004731336,0.900984777,-0.004803496,-1.682626982
0.004735966,0.890202279,-0.004335491,-1.676825443
0.004740595,0.879380008,-0.003858573,-1.670774287
0.004745225,0.868515705,-0.003373526,-1.664472453
0.004749854,0.857607216,-0.002881145,-1.657918979
0.004754484,0.846652503,-0.002382235,-1.651112993
0.004759113,0.835649639,-0.001877608,-1.644053722
0.004763743,0.824596815,-0.001368084,-1.636740493
0.004768372,0.813492347,-0.000854486,-1.629172734
0.004773001,0.802334673,-0.000337643,-1.621349976
0.004777631,0.79112236,0.000181616,-1.613271856
0.00478226,0.779854107,0.000702461,-1.604938118
0.00478689,0.768528749,0.001224065,-1.596348617
0.004791519,0.757145255,0.001745601,-1.58750332
0.004796149,0.745702738,0.002266249,-1.578402307
0.004800778,0.734200451,0.002785194,-1.569045775
0.004805408,0.722637793,0.003301626,-1.55943404
0.004810037,0.711014311,0.003814747,-1.549567536
0.004814667,0.699329703,0.004323768,-1.539446821
0.004819296,0.687583817,0.004827911,-1.529072577
0.004823926,0.675776655,0.005326409,-1.51844561
0.004828555,0.663908374,0.005818513,-1.507566854
0.004833185,0.651979288,0.006303485,-1.496437371
0.004837814,0.63998987,0.006780606,-1.485058356
0.004842444,0.627940749,0.007249173,-1.473431132
0.004847073,0.615832716,0.007708502,-1.461557156
0.004851703,0.60366672,0.008157929,-1.449438018
0.004856332,0.591443872,0.008596808,-1.437075444
0.004860962,0.579165444,0.009024517,-1.424471295
0.004865591,0.566832867,0.009440454,-1.411627565
0.004870221,0.554447734,0.009844041,-1.398546389
0.00487485,0.542011795,0.010234723,-1.385230035
0.00487948,0.529526961,0.010611969,-1.371680909
0.004884109,0.516995299,0.010975272,-1.357901555
0.004888739,0.504419036,0.01132415,-1.343894652
0.004893368,0.491800549,0.011658147,-1.329663015
0.004897998,0.479142371,0.011976833,-1.315209597
0.004902627,0.466447186,0.012279802,-1.300537483
0.004907257,0.453717827,0.012566676,-1.285649894
0.004911886,0.440957273,0.012837102,-1.270550186
0.004916516,0.428168646,0.013090755,-1.255241843
0.004921145,0.41535521,0.013327332,-1.239728483
0.004925775,0.402520367,0.013546561,-1.224013852
0.004930404,0.389667651,0.013748193,-1.208101824
0.004935034,0.376800728,0.013932006,-1.1919964
0.004939663,0.363923392,0.014097801,-1.175701703
0.004944293,0.351039557,0.014245407,-1.159221979
0.004948922,0.338153258,0.014374675,-1.142561593
0.004953551,0.325268642,0.014485481,-1.125725031
0.004958181,0.312389965,0.014577726,-1.108716889
0.00496281,0.299521588,0.014651332,-1.091541879
0.00496744,0.286667973,0.014706245,-1.074204823
0.004972069,0.273833673,0.014742431,-1.056710647
0.004976699,0.261023331,0.014759877,-1.039064385
0.004981328,0.248241673,0.014758594,-1.021271172
0.004985958,0.235493502,0.014738609,-1.003336238
0.004990587,0.222783691,0.014699968,-0.985264914
0.004995217,0.210117181,0.014642737,-0.967062618
0.004999846,0.19749897,0.014566998,-0.94873486
0.005004476,0.184934108,0.014472851,-0.930287236
0.005009105,0.172427693,0.01436041,-0.911725425
0.005013735,0.159984861,0.014229805,-0.893055182
0.005018364,0.147610782,0.01408118,-0.874282343
0.005022994,0.135310652,0.013914692,-0.855412814
0.005027623,0.123089686,0.013730511,-0.836452572
0.005032253,0.11095311,0.013528819,-0.817407658
0.005036882,0.098906158,0.013309809,-0.798284179
0.005041512,0.086954059,0.013073684,-0.7790883
0.005046141,0.075102037,0.012820657,-0.759826243
0.005050771,0.063355296,0.012550951,-0.740504284
0.0050554,0.051719019,0.012264795,-0.721128749
0.00506003,0.040198357,0.011962428,-0.701706011
0.005064659,0.028798424,0.011644095,-0.682242487
0.005069289,0.017524289,0.011310049,-0.662744637
0.005073918,0.006380968,0.010960546,-0.643218956
0.005078548,-0.004626582,0.010595852,-0.623671979
0.005083177,-0.015493471,0.010216236,-0.60411027
0.005087807,-0.026214884,0.009821971,-0.584540426
0.005092436,-0.036786087,0.009413335,-0.56496907
0.005097066,-0.047202433,0.008990612,-0.545402851
0.005101695,-0.057459372,0.008554088,-0.525848441
0.005106325,-0.067552456,0.008104053,-0.506312533
0.005110954,-0.077477347,0.007640799,-0.486801837
0.005115584,-0.087229822,0.007164625,-0.467323081
0.005120213,-0.096805783,0.006675828,-0.447883008
0.005124843,-0.10620126,0.006174712,-0.428488372
0.005129472,-0.11541242,0.005661582,-0.409145939
0.005134101,-0.124435573,0.005136746,-0.389862484
0.005138731,-0.133267179,0.004600513,-0.37064479
0.00514336,-0.141903851,0.004053197,-0.351499647
0.00514799,-0.150342367,0.003495113,-0.332433851
0.005152619,-0.158579668,0.002926578,-0.3134542
0.005157249,-0.166612873,0.002347913,-0.294567496
0.005161878,-0.174439275,0.001759439,-0.275780543
0.005166508,-0.182056356,0.001161482,-0.257100146
0.005171137,-0.189461784,0.000554367,-0.238533112
0.005175767,-0.196653423,-6.15765E-05,-0.220086245
0.005180396,-0.203629336,-0.000686017,-0.201766349
0.005185026,-0.210387793,-0.001318623,-0.183580228
0.005189655,-0.216927268,-0.00195906,-0.165534682
0.005194285,-0.223246453,-0.00260699,-0.14763651
0.005198914,-0.229344254,-0.003262076,-0.129892509
0.005203544,-0.235219799,-0.003923979,-0.112309471
0.005208173,-0.240872441,-0.004592359,-0.094894186
0.005212803,-0.246301762,-0.005266875,-0.077653442
0.005217432,-0.251507573,-0.005947184,-0.060594022
0.005222062,-0.256489922,-0.006632944,-0.043722706
0.005226691,-0.261249091,-0.007323814,-0.027046271
0.005231321,-0.265785604,-0.008019452,-0.010571488
0.00523595,-0.270100225,-0.008719518,0.005694872
0.00524058,-0.274193962,-0.009423672,0.021746044
0.005245209,-0.278068068,-0.010131577,0.037575266
0.005249839,-0.28172404,-0.010842898,0.053175783
0.005254468,-0.285163627,-0.011557304,0.068540839
0.005259098,-0.288388821,-0.012274466,0.083663686
0.005263727,-0.291401867,-0.01299406,0.098537579
0.005268357,-0.294205256,-0.013715768,0.11315578
0.005272986,-0.296801727,-0.014439275,0.127511552
0.005277616,-0.299194271,-0.015164276,0.141598168
0.005282245,-0.301386123,-0.015890471,0.155408904
0.005286875,-0.303380765,-0.016617566,0.168937045
0.005291504,-0.305181925,-0.017345279,0.182175882
0.005296134,-0.306793575,-0.018073335,0.195118715
